"gene","HR_disc","FDR_disc","b_t","se_t","p_t","b_ta","se_ta","p_ta","b_tm","se_tm","p_tm","b_g","se_g","p_g","b_ga","se_ga","p_ga","total_tumor_UMI","share_bulk_epithelial","share_spec_epithelial","share_bulk_stromal","share_spec_stromal","share_bulk_immune","share_spec_immune","UMI_B_cells","UMI_Epithelial_cells","UMI_Mast_cells","UMI_Myeloids","UMI_Stromal_cells","UMI_T_cells","dominant_bulk","b_mu","p_mu","b_ma","p_ma","rep_tcga_uni","rep_tcga_adj","rep_gse_uni","rep_gse_adj","rep_meta_uni","rep_meta_adj","rep_tcga_msi"
"ACOX2",0.764577191808179,0.0371714372626619,-0.0327623852881727,0.0987996539229283,0.740188108837606,0.0830783694363909,0.09598718791135,0.386756080893453,0.345894974316646,0.20367847646801,0.0894624382418804,-0.0508711406735852,0.117663352871015,0.665490819255469,-0.102739036239419,0.122398627813524,0.401255754921226,1040,0.867307692307692,0.38495591934606,0.0644230769230769,0.329604263256525,0.0682692307692308,0.285439817397414,2,902,0,62,67,7,"epithelial",-0.0402505670874806,0.594746982521004,0.0123183500600103,0.870448198743762,FALSE,FALSE,FALSE,FALSE,FALSE,FALSE,FALSE
"AGMAT",0.761926706507075,0.0360360413032079,-0.334144092956412,0.103478105941562,0.00124168122734083,-0.252767347666745,0.113541765413081,0.0260003931879748,0.178798565481074,0.256683924733257,0.486071340682321,-0.250217387635282,0.0989459425423128,0.0114443708636851,-0.206995493346788,0.0952868803034088,0.0298300335297429,7150,0.955384615384615,0.706881554467097,0.00405594405594406,0.0345918600346189,0.0405594405594406,0.258526585498284,61,6831,0,29,29,200,"epithelial",-0.290302608888298,4.92017973604786e-05,-0.225910588649915,0.00196740661007208,TRUE,TRUE,TRUE,TRUE,TRUE,TRUE,FALSE
"AIMP2",0.752901736634164,0.0390393075988809,0.000576453222418259,0.109005313401703,0.995780563643723,0.0277091201197229,0.120458159585092,0.81806762160348,0.404501660699156,0.222584889761726,0.0691724684463016,-0.0161432863932266,0.11333685051471,0.886735358303628,-0.0724778207463629,0.111990500033633,0.517516557841884,16795,0.891217624292944,0.451175932638563,0.0391783268830009,0.22862388325451,0.0696040488240548,0.320200184106928,184,14968,0,576,658,409,"epithelial",-0.00745781618739505,0.924374140571697,-0.0260291320749967,0.75097594075906,FALSE,FALSE,FALSE,FALSE,FALSE,FALSE,FALSE
"ASL",0.74848396563805,0.0346496476840763,-0.0953644479197868,0.110142194622772,0.386583237771435,-0.0829816858416136,0.119185934000242,0.48628026897346,0.493982946619464,0.267323068944644,0.0646186251195855,-0.120527714327027,0.114719509429354,0.293428732736352,-0.176098448212877,0.118453968366379,0.137109826552327,20812,0.869786661541418,0.2336148550469,0.0466557755141265,0.144446385107091,0.0835575629444551,0.621938759846009,353,18102,1,722,971,663,"epithelial",-0.107434066484467,0.176310809126303,-0.129826877544679,0.122287810320813,FALSE,FALSE,FALSE,FALSE,FALSE,FALSE,FALSE
"ATP8A2",1.2465866559965,0.0360360413032079,0.131909886482699,0.113284597241157,0.24425729408362,0.13856559165001,0.123518529981299,0.261938862491204,-0.378254663649616,0.329085189379379,0.250385886290989,-0.0923878707479595,0.121328768325806,0.446378095996331,-0.0595457911971166,0.122094310063205,0.625760053038034,130,0.0846153846153846,0.00850323298150766,0.7,0.810860862408388,0.215384615384615,0.180635904610105,1,11,0,3,91,24,"stromal",0.0274424581917381,0.740325805732546,0.0383611626827946,0.658647277572551,FALSE,FALSE,FALSE,FALSE,FALSE,FALSE,FALSE
"BCL2L14",0.77372082825666,0.0349573965776154,-0.129724626359883,0.101655449844677,0.201912846403492,-0.0759847197407185,0.107211745559138,0.478488922048852,0.21463699848042,0.242224993410922,0.375560458042894,-0.0545599167419694,0.117471504046432,0.642323687235809,-0.0236430490067443,0.114801762889879,0.836832513382252,5571,0.959612277867528,0.718012134115417,0.00251301382157602,0.0216742669589231,0.0378747083108957,0.26031359892566,32,5346,0,120,14,59,"epithelial",-0.0975393620184723,0.204478362560554,-0.0516012098979195,0.510186479837144,FALSE,FALSE,FALSE,FALSE,FALSE,FALSE,FALSE
"CASP6",0.780569529038014,0.0369176877182473,-0.157177948406243,0.0894071535439392,0.0787471810824441,0.0378614901895957,0.0952831691795451,0.691103787022644,0.146462961270716,0.160474456713254,0.361407147617623,-0.19559153195885,0.114340294283871,0.0871533237278323,-0.200500476903814,0.107210806165317,0.0614627476640488,14379,0.932053689408165,0.24263640276208,0.0208637596494888,0.0626067490575023,0.0470825509423465,0.694756848180418,101,13402,1,177,300,398,"epithelial",-0.171753319310519,0.0147447669597082,-0.0673276469467418,0.34448546293679,FALSE,FALSE,FALSE,FALSE,TRUE,FALSE,FALSE
"CCDC134",0.699307471660307,0.00767654734447996,-0.240029666108805,0.109283464958198,0.0280636766299055,-0.115733590547113,0.117623948295793,0.325150520976384,0.580860494376781,0.295115467009055,0.0490394838648852,0.107992423363125,0.119999667742328,0.368152526052636,0.0962367245624305,0.116825087530004,0.410071608018992,1034,0.631528046421663,0.153749554893655,0.0570599613152805,0.16012762075968,0.311411992263056,0.686122824346665,89,653,0,107,59,126,"epithelial",-0.0822489747757244,0.308701182775909,-0.00902617452092755,0.913285793755821,TRUE,FALSE,FALSE,FALSE,FALSE,FALSE,FALSE
"CCL15",0.775524371096546,0.0390393075988809,-0.231714835978769,0.108530773391209,0.0327597797514502,-0.155884051725038,0.11467122714315,0.174019911037555,0.745299880020723,0.366276096545657,0.0418706496500503,-0.158275368487966,0.106999477643826,0.139082521806491,-0.122836511499959,0.111221732155065,0.269407066912348,6827,0.97788193935843,0.821337427856376,0.00556613446609052,0.0538892867662609,0.0165519261754797,0.124773285377364,22,6676,0,42,38,49,"epithelial",-0.194473357061266,0.0107017880372863,-0.138855747304957,0.0819935717465535,TRUE,FALSE,FALSE,FALSE,TRUE,FALSE,FALSE
"CCL22",0.727133377760731,0.0346496476840763,-0.172365427609819,0.0977839603134536,0.0779482693027252,-0.0663049570788742,0.100500528418824,0.509415976738359,0.301434545300686,0.205646732547791,0.142706008179994,-0.17923754918789,0.124923690409802,0.151350856105053,-0.0856178577116776,0.126636578490281,0.498982836740314,1285,0.101167315175097,0.0117775503891039,0.0171206225680934,0.022974594389102,0.881712062256809,0.965247855221794,65,130,0,939,22,129,"immune",-0.174976288518778,0.0230613628695386,-0.0737681639618378,0.348723900742082,FALSE,FALSE,FALSE,FALSE,TRUE,FALSE,FALSE
"CD36",1.31345504919106,0.0329427365562522,0.0648940871203523,0.110500845764725,0.557020833880121,0.0614773753159225,0.114647729750994,0.591800667966556,-0.144857278547096,0.248465552041666,0.559888256186856,0.0673345314021831,0.110223911982253,0.541273331668787,-0.0147834467943359,0.10694691565951,0.890057355561947,2829,0.0180275715800636,0.00181070374047342,0.285966772711205,0.331084841634587,0.696005655708731,0.66710445462494,10,51,0,1941,809,18,"immune",0.0661173711760655,0.396856908908502,0.0206999597335919,0.791246123914698,FALSE,FALSE,FALSE,FALSE,FALSE,FALSE,FALSE
"CDX1",0.792143719786341,0.0419809251862611,-0.194421002788996,0.079426364961417,0.0143725655669695,-0.0804975275239127,0.091236399509835,0.377616657170129,0.870547465918701,0.423109206370499,0.0396380927352579,-0.203157848158073,0.0976244116537446,0.0374325489129401,-0.146480796888003,0.0936553354627928,0.117807909197809,54607,0.98734594465911,0.888762564097804,0.00373578478949585,0.0387625026796165,0.00891827055139451,0.0724749332225799,126,53916,0,164,204,197,"epithelial",-0.197900802577833,0.0013176760330894,-0.112626051760226,0.0848221142759544,TRUE,FALSE,TRUE,FALSE,TRUE,FALSE,FALSE
"CISH",0.761143216427971,0.0387655013681193,-0.158602721422111,0.0939209571878306,0.091280199922738,0.0343881241781118,0.0978140521616142,0.725163544112098,0.294648991271876,0.177655161404783,0.0972076128781118,-0.426826968970002,0.115845699926499,0.000229202603089132,-0.474311837518519,0.127438898300421,0.000197747760428134,3119,0.726194293042642,0.228415615090448,0.0423212568130811,0.153442288882837,0.231484450144277,0.618142096026715,30,2265,0,146,132,546,"epithelial",-0.264983085916354,0.000281135805392565,-0.154196141263943,0.0468961607426794,FALSE,FALSE,TRUE,TRUE,TRUE,TRUE,FALSE
"CNPY4",1.30945788857296,0.048635135421508,0.325589435687895,0.110344429298813,0.00317090719798278,0.248669588654018,0.122779433483684,0.0428328893854127,0.0254750098692809,0.319925604442568,0.936533190179496,0.144917249231787,0.116424367259564,0.213229919961797,0.0210224182274353,0.127658521411348,0.869198246439478,1838,0.250816104461371,0.0301075237381844,0.560935799782372,0.77615119517937,0.188248095756257,0.193741281082446,21,461,0,83,1031,242,"stromal",0.240093896546013,0.00271883716015253,0.139279393513157,0.115509018539592,TRUE,TRUE,FALSE,FALSE,TRUE,FALSE,FALSE
"COLEC12",1.29657195408519,0.0415870111861004,0.134329397828139,0.10877292316507,0.216848167576291,0.0994868090765029,0.113631745477266,0.38129130436827,0.101031474779129,0.238990003994108,0.672482401877041,0.185282276657172,0.102368370473533,0.0703025648570861,0.106733970923503,0.107698838794105,0.321665533184693,1260,0.117460317460317,0.0129356307478482,0.33968253968254,0.431204432881605,0.542857142857143,0.555859936370547,40,148,0,515,428,129,"immune",0.161349971095633,0.0304326471367253,0.103304515282416,0.186310526800511,FALSE,FALSE,FALSE,FALSE,TRUE,FALSE,FALSE
"COX11",0.7605592663227,0.0369176877182473,-0.253075525174412,0.115146744284592,0.0279596402051349,-0.176952992850427,0.12172371878674,0.146022154552555,-0.0399530064214207,0.307328016861348,0.896565489035737,0.00756249846048602,0.120115783929205,0.949798298766967,0.0231946655904604,0.116591488283107,0.842309981873255,17459,0.761555644653187,0.25325573949193,0.0618592130133456,0.237124047166618,0.176585142333467,0.509620213341452,577,13296,0,527,1080,1979,"epithelial",-0.128259060562032,0.122826468504107,-0.0725708873842397,0.38874152533161,TRUE,FALSE,FALSE,FALSE,FALSE,FALSE,FALSE
"CRYM",0.747712303397744,0.04105029375676,-0.147685782965162,0.0984451672738354,0.133566961965979,-0.11094790037586,0.109829971979032,0.312409673217317,-0.175520550728101,0.250407554946774,0.483340761394032,-0.118445104037592,0.118498589615844,0.317528989195116,-0.073798410715363,0.115041813213973,0.52120303246197,1624,0.9064039408867,0.498620127086969,0.0116995073891626,0.0741872288984293,0.0818965517241379,0.427192644014602,25,1472,0,98,19,10,"epithelial",-0.135745437146253,0.0730276994336787,-0.0932337050014175,0.240541382406672,FALSE,FALSE,FALSE,FALSE,FALSE,FALSE,FALSE
"CS",0.76059822170654,0.0346496476840763,-0.285907188304638,0.110372738914608,0.00958704108756983,-0.167359239617179,0.116771848961493,0.15179622295278,0.232358964292838,0.211839618269549,0.272701439762158,-0.06147630634993,0.11618357996991,0.596714742186376,-0.0379927479761233,0.115732430713773,0.742699274732655,18155,0.846874139355549,0.362839147527371,0.0410906086477554,0.202932401198103,0.112035251996695,0.434228451274526,295,15375,0,972,746,767,"epithelial",-0.179444289708232,0.0249308748707411,-0.102097668077634,0.214214099526912,TRUE,FALSE,FALSE,FALSE,TRUE,FALSE,FALSE
"DBI",0.768689218275484,0.0346496476840763,-0.0600788153528346,0.114126625468351,0.598594735605869,0.0751143386138406,0.117596897446389,0.52298934027152,0.421209772144301,0.253250741710511,0.0962699277705935,-0.148860569146546,0.114405584954791,0.193201904282971,-0.168167577798895,0.105277529267641,0.110182386164383,230159,0.814024218040572,0.219158883541845,0.0350105796427687,0.108651220178496,0.150965202316659,0.672189896279659,3854,187355,8,18429,8058,12455,"epithelial",-0.104361320324807,0.196485324835879,-0.0599330494177047,0.444815713071854,FALSE,FALSE,FALSE,FALSE,FALSE,FALSE,FALSE
"DNPEP",0.714726551596868,0.0206831271550787,-0.161903034604256,0.114872601805625,0.158712834570831,-0.218669936454712,0.123429010994982,0.0764568069357688,-0.135474001522296,0.238120904964857,0.569404001425899,-0.176050489325963,0.12512242216849,0.159419707283148,-0.101597071968715,0.122748150443401,0.407847674477477,30213,0.84927018170986,0.368619019573397,0.0454440141660874,0.227364210587429,0.105285804124053,0.404016769839174,594,25659,0,910,1373,1677,"epithelial",-0.168373645906553,0.0466149674623113,-0.159809714283756,0.0663372036898494,FALSE,FALSE,FALSE,FALSE,TRUE,FALSE,FALSE
"EIF4A2",1.37444999140741,0.0329427365562522,0.222566447224381,0.113692579707059,0.0502750532470179,0.174635343005715,0.126950835483916,0.168941178762025,0.176261263651741,0.255508578841627,0.490291794173004,0.272608810122193,0.122536640043551,0.0261005361971711,0.211983078250877,0.111674513784356,0.0576667739326951,128378,0.716454532708096,0.171152551641456,0.081672872298992,0.224898275922078,0.201872594992912,0.603949172436465,5731,91977,3,5053,10485,15129,"epithelial",0.245716741526195,0.00319612770510153,0.195690379822142,0.0196045349339669,FALSE,FALSE,TRUE,FALSE,TRUE,TRUE,FALSE
"FGF19",1.28740547976154,0.0349573965776154,0.144590682634853,0.0995174008473425,0.146246356231352,-0.0127453732298072,0.103391012333141,0.901890514959552,-0.244702156240511,0.201668837725537,0.224982253806942,-0.137154899978163,0.1339783821009,0.305972657044345,-0.0330972404722654,0.148912302007186,0.82411152932727,484,0.977272727272727,0.813858527556398,0.00619834710743802,0.059500769945973,0.0165289256198347,0.126640702497629,0,473,0,6,3,2,"epithelial",0.0444134933857811,0.57825500593117,-0.019365126675396,0.819631489490529,FALSE,FALSE,FALSE,FALSE,FALSE,FALSE,FALSE
"FHDC1",0.754420628331141,0.0396847538071528,-0.234656691725545,0.116576755544247,0.0441257458633349,-0.222439240251071,0.131367040224929,0.090404995202077,-0.122429998872855,0.289357588246303,0.672215234337441,-0.191789383614951,0.123941131953026,0.121761229303413,-0.156572596002888,0.124719654786207,0.209334923566452,1776,0.967905405405405,0.748490552611413,0.0135135135135135,0.120457887162305,0.0185810810810811,0.131051560226281,7,1719,0,15,24,11,"epithelial",-0.214534355130712,0.011523212204276,-0.187797332073713,0.037867857229802,TRUE,FALSE,FALSE,FALSE,TRUE,TRUE,FALSE
"FOXA2",0.763464536738902,0.0346496476840763,0.0738612247232393,0.102338613871034,0.470458228908475,0.0937864676702845,0.0896409266133864,0.295447435037806,0.208779264314776,0.152624538259663,0.171334850309185,0.11402002210224,0.119428545292766,0.339722695730017,0.213896612899672,0.129397990556654,0.09832813553718,6631,0.990649977378978,0.915754006754763,0.00211129543055346,0.0224968210932856,0.00723872719046901,0.0617491721519517,23,6569,0,11,14,14,"epithelial",0.0908641561375529,0.242296930818175,0.132736041246936,0.0716466096468027,FALSE,FALSE,FALSE,FALSE,FALSE,FALSE,FALSE
"GALNT4",0.788966013262331,0.0433663602483293,-0.0452503157362334,0.104245710759816,0.664234962387913,-0.0431371876901544,0.112056807873224,0.700268380770012,-0.206030276333985,0.241514601533477,0.393617237463273,-0.135750032960535,0.113032398085429,0.229757643387719,-0.104909216455403,0.115078238568851,0.361961502581976,50,0.92,0.550660113124861,0.02,0.137987371276575,0.06,0.311352515598563,1,46,0,0,1,2,"epithelial",-0.0868463575679138,0.257086773530236,-0.0732016340840846,0.361876984804398,FALSE,FALSE,FALSE,FALSE,FALSE,FALSE,FALSE
"GAR1",0.755380838288634,0.0346496476840763,-0.0694256468773852,0.107643534473903,0.518953872911755,0.0205143404628139,0.109719561301328,0.851683625244114,0.146448989624053,0.216842210955351,0.499439942554995,-0.144631291172645,0.109803857635592,0.187778766281906,-0.10773165801787,0.115741012763448,0.351957372397161,19352,0.852004960727573,0.372083969438889,0.0484187680859859,0.243739617354161,0.0995762711864407,0.38417641320695,338,16488,0,567,937,1022,"epithelial",-0.106281380457118,0.166772191529409,-0.0401859910435315,0.613785495734964,FALSE,FALSE,FALSE,FALSE,FALSE,FALSE,FALSE
"GJB6",1.29090447891853,0.0346496476840763,0.221973483783365,0.0919297080962802,0.0157524932340945,0.238165226970204,0.096335700291649,0.0134268346722594,-0.429452944455569,0.328386552503803,0.190952507548544,0.134431002195198,0.105732179856827,0.203575928270143,0.0639255776982403,0.100384288221064,0.524249525857971,193,0.808290155440414,0.329757645897052,0.0155440414507772,0.0730979308369641,0.176165803108808,0.597144423265984,1,156,0,3,3,30,"epithelial",0.184285557741411,0.00789813740970011,0.154629816334854,0.0261033700501392,TRUE,TRUE,FALSE,FALSE,TRUE,TRUE,FALSE
"GMNN",0.752424787501348,0.0346496476840763,-0.214263905434033,0.110200854358341,0.0518588643744606,-0.102353013138064,0.125295981942538,0.413991391341761,0.171810359490713,0.278793503939854,0.537720390319699,0.0473691802591783,0.11589938974133,0.682752869929235,0.0521082461483585,0.113339731340485,0.645693746301294,14725,0.853853989813243,0.380167368965858,0.041358234295416,0.212259319477778,0.104787775891341,0.407573311556365,235,12573,0,387,609,921,"epithelial",-0.0900372667120594,0.259571109215395,-0.0174028631817227,0.835974159925419,FALSE,FALSE,FALSE,FALSE,FALSE,FALSE,FALSE
"GPX2",0.776097627749562,0.0346496476840763,0.0150364967141225,0.100371502308458,0.880915761884001,-0.00910282355638522,0.118189284881194,0.938608409693115,-0.287051498777556,0.374582247353199,0.443483330712497,-0.139198324843757,0.103168857612032,0.177263702007827,-0.10869731604613,0.0983279631147273,0.268961700864503,226813,0.981107784827148,0.845584947805795,0.0034610009126461,0.0343839517605674,0.0154312142602055,0.120031100433638,1055,222528,0,1003,785,1442,"epithelial",-0.0599615893377779,0.404578986410857,-0.0679597290871596,0.368615333622895,FALSE,FALSE,FALSE,FALSE,FALSE,FALSE,FALSE
"HACL1",0.737166711533565,0.0346496476840763,-0.149204571665713,0.115288663361959,0.195602386777774,-0.0737495964389886,0.132953815485325,0.579099284520083,-0.0529847497492743,0.277222321211653,0.848425870885309,-0.0907339249090371,0.125381180373353,0.469271655656899,-0.0890047086154692,0.124466727753143,0.474554444061212,4637,0.728919560060384,0.223869299517154,0.0599525555315937,0.212244375029005,0.211127884408022,0.563886325453842,175,3380,0,189,278,615,"epithelial",-0.122416917089574,0.149166178729115,-0.0818795634484201,0.367521289433506,FALSE,FALSE,FALSE,FALSE,FALSE,FALSE,FALSE
"ILVBL",0.719232650736345,0.0206831271550787,-0.146434129937361,0.107378120025227,0.172654416536618,-0.0887397257692906,0.120732888819465,0.462334185014757,0.373634462825399,0.339514396953926,0.271115780287026,-0.149678116622743,0.120125222503759,0.212758009687063,-0.113383989992644,0.117746328189929,0.335571919962203,16096,0.872452783300199,0.208563287178763,0.0541128230616302,0.149110997523213,0.073434393638171,0.642325715298024,278,14043,1,517,871,386,"epithelial",-0.147874930258288,0.0647279816336331,-0.101370438430409,0.229145349774516,FALSE,FALSE,FALSE,FALSE,FALSE,FALSE,FALSE
"JAGN1",0.747242700095638,0.0346496476840763,-0.131485066116495,0.110424879881032,0.233763690382572,-0.155153474664712,0.115109949196452,0.177699562978769,-0.403024136126523,0.247804374963758,0.103868794048635,-0.132500206252769,0.121056803235545,0.273722947086479,-0.0982637955069083,0.126688167905819,0.437964442940417,21678,0.810176215518037,0.195213807802192,0.060245410093182,0.167327977462747,0.129578374388781,0.637458214735061,567,17563,1,800,1306,1441,"epithelial",-0.131946109082655,0.105806228442949,-0.129426498840347,0.128716942200594,FALSE,FALSE,FALSE,FALSE,FALSE,FALSE,FALSE
"KIAA1671",0.763426417090313,0.0349573965776154,-0.15688728604975,0.0990460384630105,0.113197484575022,-0.112982000578656,0.102913320953491,0.272275887974301,0.156231681494073,0.206297267482445,0.448862135062928,-0.0292326255642757,0.114628761330569,0.798707659810609,0.0117349258937933,0.108038592927386,0.91350555665424,5893,0.908196164941456,0.502950560825678,0.0407262854233837,0.259976436722779,0.0510775496351604,0.237073002451543,23,5352,0,26,240,252,"epithelial",-0.10232021386894,0.172165928898479,-0.0536518628944519,0.471526616554327,FALSE,FALSE,FALSE,FALSE,FALSE,FALSE,FALSE
"LGALS9",0.759551993115617,0.0346496476840763,-0.147458793133824,0.103004089642776,0.152263504985926,-0.102422843663529,0.115828368619405,0.376553776999227,-0.17724650033724,0.22500603949895,0.430848171953155,-0.16740281639925,0.116768731632285,0.151678709868098,-0.0696037738627834,0.116770706478134,0.551126983694157,26807,0.695601895027418,0.190445389534195,0.0550602454582758,0.173764639329068,0.249337859514306,0.635789971136737,261,18647,0,5253,1476,1170,"epithelial",-0.156186566805886,0.0431808671475911,-0.0861462677800687,0.294835524138206,FALSE,FALSE,FALSE,FALSE,TRUE,FALSE,FALSE
"LOXL4",1.28921681115245,0.034682232453376,0.195360365460048,0.108006774962909,0.0704853741847019,0.1461527652578,0.114523692936745,0.201892147445607,0.0158265052576427,0.219058732649896,0.942404728330238,-0.0606038983640037,0.120940254883818,0.616296460388502,-0.0720354659078536,0.118438308897953,0.543047631674003,137,0.321167883211679,0.0400818684375554,0.62043795620438,0.892540148270602,0.0583941605839416,0.0673779832918426,2,44,0,4,85,2,"stromal",0.0817919501922479,0.309955956481951,0.0407239771560821,0.620850395746225,FALSE,FALSE,FALSE,FALSE,FALSE,FALSE,FALSE
"LRRC4C",1.32885036787317,0.0206831271550787,0.360010582131346,0.105809367767011,0.000667857318953597,0.310468197227354,0.115048116538583,0.00696329964205533,-0.142654978957532,0.348464190972074,0.682259322813097,-0.0094017794110592,0.12061571039264,0.937869245468807,-0.0316891526131608,0.116188589982428,0.78505390098589,61,0.0655737704918033,0.00615109261316369,0.836065573770492,0.904015764687079,0.0983606557377049,0.0898331426997569,6,4,0,0,51,0,"stromal",0.199358083678503,0.0121984359142791,0.141077022034063,0.0844049388968397,TRUE,TRUE,FALSE,FALSE,TRUE,FALSE,FALSE
"LRRC8A",1.36031443607154,0.0235266355036752,0.239421512470816,0.103468077672401,0.0206696409663046,0.0585938063437794,0.110280362562475,0.595199284277312,-0.190036741520401,0.197874208431514,0.336858128826556,0.178279228658052,0.109327936895389,0.102957185836716,0.114421762523611,0.110461185835198,0.300269832579155,10126,0.812857989334387,0.292935407786386,0.11702547896504,0.486128598469514,0.0701165317005728,0.2209359937441,101,8231,0,190,1185,419,"epithelial",0.210532797233486,0.00508608662823244,0.0864620522774919,0.2679200750806,TRUE,FALSE,FALSE,FALSE,TRUE,FALSE,FALSE
"MAP1B",1.32337010716112,0.0346496476840763,0.224629050424672,0.103891014194014,0.0306058046270965,0.177262013375598,0.112032443643888,0.113595200003211,-0.0810347638128271,0.247204321645891,0.743059255989368,0.253311708865929,0.102262151745132,0.0132461561537111,0.246752643522,0.107314549905821,0.0214856367721613,4342,0.0736987563334869,0.00687776985900704,0.909719023491479,0.978606982313602,0.0165822201750345,0.0145152478273914,40,320,0,18,3950,14,"stromal",0.239196993622013,0.00103038266843442,0.213501298350009,0.0058699391763338,TRUE,FALSE,TRUE,TRUE,TRUE,TRUE,FALSE
"MCCC2",0.719766206717957,0.00767654734447996,-0.234962422742854,0.102030750059996,0.0212867822257145,-0.127298962513485,0.11228783402887,0.2569269677129,0.105266024732454,0.234373860630918,0.653332670562126,-0.135976492154677,0.110435693892487,0.218220762978762,-0.0365966094835334,0.11441547953304,0.749076620166269,10572,0.859723798713583,0.39563528403619,0.0275255391600454,0.146010959615519,0.112750662126372,0.458353756348291,227,9089,0,330,291,635,"epithelial",-0.189379116060632,0.0115039213875131,-0.082798966574555,0.301526981699586,TRUE,FALSE,FALSE,FALSE,TRUE,FALSE,FALSE
"MCRS1",0.745104873974966,0.0349573965776154,0.0080645351808368,0.10945306272945,0.941264769531706,0.0492544451613952,0.119300571646226,0.679709120375989,0.267885087442015,0.312996644880565,0.39206854352621,-0.00280018831391158,0.122174557490677,0.981714429949722,-0.00401428221621906,0.121563006514281,0.973656856029615,13057,0.783028260703071,0.272041825801163,0.067243624109673,0.269291663607034,0.149728115187256,0.458666510591803,332,10224,0,564,878,1059,"epithelial",0.00322709323198277,0.968423874102953,0.0231203912122062,0.785979248727767,FALSE,FALSE,FALSE,FALSE,FALSE,FALSE,FALSE
"MRPS24",0.730789329828458,0.0346496476840763,0.0892927442571208,0.108780373550873,0.411729752353461,0.0889129712430616,0.115750456354762,0.4424018816216,0.36467932009607,0.27018072219127,0.177092755465403,-0.0158499510216843,0.113934469737551,0.889359571595724,-0.0654773667813175,0.112053969571532,0.558993085073585,910,0.592307692307692,0.13071379704844,0.124175824175824,0.315881842120592,0.283516483516484,0.553404360830968,38,539,0,86,113,134,"epithelial",0.0391533202596071,0.618739370088747,0.00921323448896669,0.908891378644534,FALSE,FALSE,FALSE,FALSE,FALSE,FALSE,FALSE
"MRPS34",0.740544058168036,0.0346496476840763,-0.128886894778775,0.11762992930091,0.273210896824732,-0.0516734138617288,0.133212216305582,0.698087842837808,0.399699291927387,0.298645651452081,0.180774859008862,-0.0829720843156066,0.115132178487078,0.471113765055221,0.00679940776121597,0.118168140733673,0.954114956230236,66701,0.860346921335512,0.320318636440944,0.0348120717830317,0.149400489946944,0.104841006881456,0.530280873612113,1689,57386,1,2078,2322,3225,"epithelial",-0.105436838266096,0.200037269769283,-0.0189501346239695,0.83025987929559,FALSE,FALSE,FALSE,FALSE,FALSE,FALSE,FALSE
"MYB",0.774285728000519,0.0134615490491917,-0.125064211659206,0.0918173173645872,0.173166865560741,-0.0651111110816313,0.116649444952804,0.576723092632499,0.497742859124639,0.316612423936051,0.115929948683799,-0.220651628185732,0.0986467702595054,0.0253003873154661,-0.168677465635218,0.0957591677127311,0.0781578894083793,9030,0.962790697674419,0.744174793298518,0.00254706533776301,0.0226932505932601,0.0346622369878184,0.233131956108222,37,8694,0,83,23,193,"epithelial",-0.16943485200802,0.0117022730591341,-0.126982407236252,0.0862266738268881,FALSE,FALSE,TRUE,FALSE,TRUE,FALSE,FALSE
"MYO5B",0.765979333532142,0.0346496476840763,-0.134358441756467,0.0797386820920616,0.0919915659444205,-0.172868490070335,0.0830147245744408,0.0373074572575069,0.201859995684719,0.201826999835622,0.317231396773905,-0.043406109256302,0.113909244538205,0.703159688131982,0.0261777397479337,0.119236553523039,0.826225852511412,17755,0.980456209518445,0.841477309143527,0.00456209518445508,0.0451327819172314,0.0149816952970994,0.113389908939242,62,17408,0,58,81,146,"epithelial",-0.104446829930113,0.109841186387682,-0.107885353536126,0.113297872722959,FALSE,TRUE,FALSE,FALSE,FALSE,FALSE,FALSE
"NAV3",1.27525454739912,0.0390393075988809,0.318638739829296,0.108165232936653,0.00322066730568039,0.331970475218458,0.123368016171371,0.00712604508333389,0.303805382695792,0.27435125574825,0.268138665381077,0.184463947627444,0.102373265043064,0.0715648888443484,0.124695531244529,0.106957379914591,0.243677857991777,88,0.215909090909091,0.0234448188379738,0.761363636363636,0.952975282081358,0.0227272727272727,0.0235798990806681,0,19,0,2,67,0,"stromal",0.247862952326338,0.000857187621802728,0.213639299927383,0.00820318002631806,TRUE,TRUE,FALSE,FALSE,TRUE,TRUE,FALSE
"NDUFA9",0.686218288387944,0.00627519421795674,-0.196296306451656,0.112526131352505,0.0810805032353265,-0.0194449479568088,0.122360657788415,0.87373581667315,0.480817390845087,0.279824590035578,0.0857452986845489,-0.0250865188246296,0.115336123202341,0.82781254516095,0.122746590515022,0.11943175891685,0.304065076552924,33710,0.807119549095224,0.303469130308248,0.0507564520913675,0.219979121799179,0.142123998813408,0.476551747892574,914,27208,0,1609,1711,2268,"epithelial",-0.112802446585595,0.161356809690304,0.0533729742842688,0.532311666445804,FALSE,FALSE,FALSE,FALSE,FALSE,FALSE,FALSE
"NOX1",0.78839576135523,0.0419809251862611,-0.0900071952577936,0.0876634751888374,0.304545064662764,0.0438299167393353,0.0957145051318108,0.647007436289484,0.399256186165562,0.218910009138443,0.0681767101882088,-0.252874849678207,0.10546127911822,0.0164939559868578,-0.194019289946827,0.10244859456518,0.0582487860357123,15025,0.992412645590682,0.932868970355796,0.00153078202995008,0.0165865196137823,0.00605657237936772,0.0505445100304221,28,14911,0,16,23,47,"epithelial",-0.156558023122413,0.0202154462307458,-0.0670212849372191,0.337927179380878,FALSE,FALSE,TRUE,FALSE,TRUE,FALSE,FALSE
"NPR3",1.34348172116915,0.0134615490491917,0.233558408873914,0.104555386059034,0.0254946065351487,0.144458615488427,0.11901800005826,0.224841542558561,0.0327081352222578,0.303930053870307,0.914299264309487,0.266051281357745,0.0867635271999489,0.0021665659318562,0.200217870117893,0.0967402677303406,0.038485737612452,131,0.274809160305344,0.0319908133556962,0.702290076335878,0.942375879936808,0.0229007633587786,0.0256333067074957,1,36,0,2,92,0,"stromal",0.252800638092035,0.000152948315381443,0.178034831855588,0.0177115530408863,TRUE,FALSE,TRUE,TRUE,TRUE,TRUE,FALSE
"NSMCE4A",0.740145114937316,0.0349573965776154,0.0273383264936554,0.109003297356384,0.80196661704743,0.182606660669689,0.120446008839233,0.129497286887806,0.585110619950317,0.26542517182905,0.0274942743971819,0.11733077221087,0.117952575439446,0.319868396163657,0.0768912202875591,0.12692045470183,0.5446328723766,16152,0.831290242694403,0.338518271237932,0.0472387320455671,0.221738556824443,0.12147102526003,0.439743171937625,432,13427,0,555,763,975,"epithelial",0.0687914944082903,0.390167746145794,0.132513989239387,0.129331384951786,FALSE,FALSE,FALSE,FALSE,FALSE,FALSE,FALSE
"OGDHL",0.671349059527324,0.0346496476840763,0.0070444628294946,0.108341618020837,0.94815740877412,0.0850904516584348,0.115296166535837,0.460504536546619,0.0808182237504639,0.307427842898852,0.792639079493281,-0.0572065276093248,0.131020266721699,0.662384416008995,-0.045280142171399,0.12892578564739,0.725430127752376,53,0.924528301886792,0.555959378439335,0.0188679245283019,0.130785782135258,0.0566037735849057,0.313254839425407,2,49,0,0,1,1,"epithelial",-0.0190476507230279,0.819542800628234,0.0271583292484105,0.751999038736813,FALSE,FALSE,FALSE,FALSE,FALSE,FALSE,FALSE
"PABPC4L",1.27931467541652,0.0349573965776154,0.147857589218909,0.10656854524747,0.165307272348719,0.192445065053331,0.112643450314607,0.0875539259719608,0.169759924719497,0.240591042884235,0.480439807497287,0.10327236276564,0.0974875397746869,0.289445373450167,-0.00179182028722858,0.106515766846767,0.98657852861166,53,0.0188679245283019,0.00168056621784346,0.943396226415094,0.968588228922369,0.0377358490566038,0.0297312048597878,0,1,0,1,50,1,"stromal",0.123584743845494,0.0857766041202962,0.089900008682226,0.245400459739258,FALSE,FALSE,FALSE,FALSE,FALSE,FALSE,FALSE
"PASK",0.75955872118629,0.0473812031975615,-0.055438218077251,0.11482666917315,0.629238355621356,-0.0760043362421203,0.123398578869601,0.537943664775389,-0.196843394776892,0.295573182155622,0.505429145717588,0.0128414516847719,0.120877388066105,0.915395624018141,0.0687214968838836,0.118556743789796,0.562150210603611,2966,0.315576534052596,0.0514458736211556,0.0465273095077545,0.0874313808415839,0.637896156439649,0.86112274553726,121,936,0,56,138,1715,"immune",-0.0230500247058761,0.781878572146698,-0.000746430187773255,0.993033824038968,FALSE,FALSE,FALSE,FALSE,FALSE,FALSE,FALSE
"PMM2",0.762147427665995,0.0371714372626619,-0.228396887871217,0.107971469777741,0.0344005702100505,-0.122458459594452,0.115922483608865,0.290793590266322,0.135959391959695,0.272195573912844,0.617433130823542,-0.248892498169673,0.108736108143196,0.0220817321170872,-0.213595945676122,0.105151928117583,0.0422237672237581,3421,0.782519731072786,0.274255902712275,0.0511546331482023,0.206661327253623,0.166325635779012,0.519082770034102,189,2677,0,95,175,285,"epithelial",-0.238572376514489,0.00184656728374564,-0.172456828732764,0.0268090956078804,TRUE,FALSE,TRUE,TRUE,TRUE,TRUE,FALSE
"POP5",0.755915253612071,0.0361663251757115,0.0139414053897519,0.109033549491711,0.898257039245251,0.148966958914834,0.114153506666627,0.1919028923701,0.318789339615907,0.243483672266394,0.190438079392374,0.0117619102226038,0.113946846187653,0.917786160746326,-0.0130954471956016,0.120971829696842,0.913795766498248,13347,0.705926425413951,0.203400365755739,0.0640593391773432,0.212759174994447,0.230014235408706,0.583840459249814,607,9422,0,772,855,1691,"epithelial",0.0128996589303768,0.869930463193466,0.0726314021003961,0.381672754615693,FALSE,FALSE,FALSE,FALSE,FALSE,FALSE,FALSE
"PPFIBP2",0.772430394301427,0.0346496476840763,-0.0316487307976762,0.112923932972488,0.779273489655643,0.0278822721726456,0.113305043093557,0.805619162734161,0.181721263387123,0.226117655164784,0.421594514312401,-0.158395986731704,0.110148010822262,0.150425947371545,-0.204412803556054,0.109773601156285,0.0625846557767265,3208,0.80860349127182,0.298773998754792,0.0355361596009975,0.151353069312699,0.155860349127182,0.549872931932509,185,2594,0,289,114,26,"epithelial",-0.0965993658660218,0.220533656777681,-0.0919416868337519,0.243544785456738,FALSE,FALSE,FALSE,FALSE,FALSE,FALSE,FALSE
"PRR15L",0.810879758539316,0.0352755358801683,-0.0203584691029101,0.10514271202528,0.846467946378798,0.0312567584915163,0.105774165682432,0.76760839575074,0.47534132074732,0.223199994686556,0.0331992420026509,-0.0382930280434364,0.111507108018598,0.731287527598411,-0.0347518053722387,0.104971087084162,0.740598608805667,18621,0.987809462434885,0.896025646199278,0.00182589549433435,0.0190913539051695,0.0103646420707803,0.0848829998955528,50,18394,0,65,34,78,"epithelial",-0.028799349715133,0.706566723946704,-0.00199905601103873,0.978595278836738,FALSE,FALSE,FALSE,FALSE,FALSE,FALSE,FALSE
"PSME1",0.752510933692518,0.0360360413032079,-0.0627208826606415,0.110392420492025,0.569924330437081,-0.042963392678588,0.119269864543894,0.718682606419754,-0.268913645197499,0.264759408544909,0.309776740874997,0.0332192465149777,0.114691750689008,0.772092143807579,0.0383905200879396,0.120200132087645,0.749432055107105,116358,0.591734130871964,0.108275007851827,0.0652812870623421,0.137690464654267,0.342984582065694,0.754034527493906,6903,68853,4,9815,7596,23187,"epithelial",-0.0165827010320179,0.834843476990891,-0.00260246654377646,0.975477737092244,FALSE,FALSE,FALSE,FALSE,FALSE,FALSE,FALSE
"PSME2",0.74265044170206,0.0346496476840763,-0.028613946646937,0.114042424145823,0.801886662230489,-0.0305513865405619,0.122277887577953,0.802701730050872,-0.269609919259681,0.293775458441934,0.358754234404473,0.0220799142307511,0.113670038921607,0.845983514955853,0.0668913122452438,0.119431254412826,0.575423413750192,117723,0.624499885324023,0.102446334070159,0.061457828971399,0.116213030657684,0.314042285704578,0.781340635272157,6489,73518,7,15756,7235,14718,"epithelial",-0.00318411519331961,0.968451729406082,0.0193173962839915,0.821127571848709,FALSE,FALSE,FALSE,FALSE,FALSE,FALSE,FALSE
"PXMP2",0.744535710974981,0.0349573965776154,-0.223094156555541,0.098181025785704,0.0230699880709615,-0.0479736468982213,0.104297140018382,0.645537125009371,0.235976484282095,0.215970911538721,0.274555904601358,-0.107302393339115,0.110037504953735,0.32948892298481,-0.115398242475113,0.107350226844898,0.282388288700138,14618,0.910931728006567,0.226596321054259,0.0381037077575592,0.109256633974357,0.0509645642358736,0.664147044971385,140,13316,1,204,557,400,"epithelial",-0.171770435038342,0.0190423500605248,-0.0807135238132776,0.280595977845433,TRUE,FALSE,FALSE,FALSE,TRUE,FALSE,FALSE
"RAB11FIP4",0.741550771796309,0.0337705424536701,-0.303868072130694,0.10369414771814,0.0033849712564733,-0.362542500635613,0.118549545632322,0.00222706765472318,-0.249246402812106,0.269645378297823,0.355304702273373,-0.124478759835813,0.118198250914524,0.292278949867326,-0.166598638092289,0.108913633289512,0.126105889813745,5558,0.86739834472832,0.430271407488282,0.00647715005397625,0.0370357726730009,0.126124505217704,0.532692819838717,100,4821,0,74,36,527,"epithelial",-0.225849397195348,0.00376282256434458,-0.256284764098564,0.00139634088334061,TRUE,TRUE,FALSE,FALSE,TRUE,TRUE,FALSE
"RHOD",1.25760550598068,0.0433663602483293,0.124647385230061,0.115089383180848,0.278786890737674,8.86937583252193e-05,0.114066091452494,0.999379593248308,0.0546437202313093,0.184256110509925,0.766799435792658,0.172248772134113,0.123002161664384,0.161401977004986,0.104024240081561,0.120818252074901,0.389239296476273,11806,0.9307978993732,0.551399270049096,0.0542944265627647,0.370748665289033,0.0149076740640352,0.0778520646618718,49,10989,0,29,641,98,"epithelial",0.146867830777713,0.0805296042647662,0.0490711251560784,0.554093670217006,FALSE,FALSE,FALSE,FALSE,FALSE,FALSE,FALSE
"SCEL",1.27494811795559,0.034682232453376,0.110293704718186,0.107918354871067,0.306775874260929,0.063894022473876,0.11314406251575,0.572268392245029,0.325472554170581,0.28562842467986,0.254496179890907,0.210680229385854,0.0921444264421637,0.0222300990701739,0.190154884631055,0.0900111036356719,0.0346374674327337,753,0.9800796812749,0.83458474178332,0.00664010624169987,0.065177490688466,0.0132802124833997,0.100237767528214,1,738,0,4,5,5,"epithelial",0.1683530322411,0.0162858521089043,0.141217551151816,0.0449843937412054,FALSE,FALSE,TRUE,TRUE,TRUE,TRUE,FALSE
"SERPINB7",1.23913110960741,0.0352755358801683,-0.133711175571115,0.122950790889376,0.276808029325251,-0.166454336379847,0.13511973277708,0.217985508064364,0.310177864455148,0.351077148753914,0.376964331153411,0.0318362151130391,0.106096488062945,0.764124898229878,0.101765426342182,0.118548919663986,0.39065750203877,1432,0.975558659217877,0.793833674813245,0.0118715083798883,0.111351375578239,0.0125698324022346,0.0948149496085161,3,1397,0,11,17,4,"epithelial",-0.0388213821066388,0.628879098986935,-0.0148975472184596,0.867231286403541,FALSE,FALSE,FALSE,FALSE,FALSE,FALSE,FALSE
"SFXN4",0.756233691345033,0.0349573965776154,0.0021675035305416,0.114753936358908,0.984930235687376,0.134362656232214,0.124498846223703,0.280486045299215,0.837665205780069,0.274046509844425,0.00223822894291468,-0.0336706906491981,0.109002651125797,0.757399189960804,-0.0220009770471288,0.112023462621272,0.844300107491979,12799,0.890225798890538,0.456153938310699,0.0232049378857723,0.137058260705692,0.0865692632236894,0.406787800983609,358,11394,0,404,297,346,"epithelial",-0.0166721456501509,0.832921906448542,0.0479563111996074,0.564696437943553,FALSE,FALSE,FALSE,FALSE,FALSE,FALSE,FALSE
"SMAGP",0.801471575789319,0.0371714372626619,-0.105864652711883,0.105186389835638,0.314200017523194,-0.00425710532461682,0.117822280635813,0.971177440438761,0.377967419197112,0.319215669655083,0.236393140020862,-0.142733860862869,0.0997130094360874,0.152302225002015,-0.135524571874744,0.100503077726359,0.17750986412451,37247,0.939109190001879,0.610503999808497,0.0232501946465487,0.174225840950157,0.0376406153515719,0.215270159241347,331,34979,0,280,866,791,"epithelial",-0.125283424183645,0.0834050286719116,-0.0802388389537171,0.29400721218402,FALSE,FALSE,FALSE,FALSE,FALSE,FALSE,FALSE
"SNRNP35",0.748520055142451,0.0349573965776154,0.064641170424475,0.101237444418402,0.523141426552279,0.0645668397630067,0.0979777559905366,0.509899055093182,-0.265290420573673,0.254162634002852,0.29658619191755,0.0115566227829909,0.120301454235188,0.923469849272066,0.073470648113487,0.126815507995725,0.562352589840152,6737,0.618376131809411,0.150232270383521,0.0740685765177379,0.207423550475784,0.307555291672851,0.642344179140695,277,4166,0,360,499,1435,"epithelial",0.0426333845736279,0.582048182527963,0.0678950065982824,0.381198104777908,FALSE,FALSE,FALSE,FALSE,FALSE,FALSE,FALSE
"STARD7",0.745096324924071,0.0346496476840763,0.0521464202134553,0.111007550377986,0.638529627866712,0.0664729818961933,0.114701798658797,0.562232500970883,0.341158039614798,0.230821866493679,0.139403927323003,-0.086364103945894,0.111311383463831,0.437820756332648,-0.127080140608241,0.118293255192278,0.282696969701567,24354,0.747023076291369,0.242027557864342,0.0413484437874682,0.154419991046746,0.211628479921163,0.603552451088911,943,18193,0,1357,1007,2854,"epithelial",-0.0169195462419193,0.829566493887857,-0.0273208014433048,0.740057514270046,FALSE,FALSE,FALSE,FALSE,FALSE,FALSE,FALSE
"SUOX",0.763358218677576,0.048635135421508,-0.0442702216698388,0.105210606150298,0.673917800133194,0.140064811540862,0.111139760281037,0.207576177587671,0.270067548487503,0.256415596012155,0.292230320063402,-0.0423908861220688,0.118684755530571,0.720962953818879,-0.105435290481581,0.124191943820437,0.395897735130459,1475,0.754576271186441,0.235586435256935,0.0955932203389831,0.344023240486653,0.149830508474576,0.420390324256412,43,1113,0,84,141,94,"epithelial",-0.0434432452368802,0.581084323596064,0.030889156430664,0.709169712266492,FALSE,FALSE,FALSE,FALSE,FALSE,FALSE,FALSE
"TAF9",0.761253001945665,0.0349573965776154,-0.110859706512217,0.108105317789673,0.305137345540885,0.00826368831983078,0.119756389207376,0.944986312992869,0.140660240541822,0.289008960892059,0.626471977018249,-0.0678665493007603,0.117416729266694,0.563265960458972,-0.0157990539081876,0.125657474363183,0.899944773942704,37793,0.787235731484667,0.214355668600541,0.043632418701876,0.136947155606608,0.169131849813458,0.648697175792851,1243,29752,1,2529,1649,2619,"epithelial",-0.091135219366046,0.251829592842515,-0.00318941783206208,0.970652162444335,FALSE,FALSE,FALSE,FALSE,FALSE,FALSE,FALSE
"TAPBPL",0.760169612059238,0.0415870111861004,-0.148899036132721,0.108807555447678,0.171167419085208,-0.182437118568312,0.120112768872675,0.128792209063915,-0.375482308210437,0.244181515942543,0.124117584701034,-0.280455548198882,0.1354262914189,0.0383672854475884,-0.31203430747095,0.139013792017999,0.0247919971162064,9585,0.598330725091288,0.13568660629691,0.0571726656233698,0.14945060236302,0.344496609285342,0.71486279134007,1412,5735,0,768,548,1122,"epithelial",-0.200507432713333,0.0180851856819979,-0.237832755899504,0.00887532290916385,FALSE,FALSE,TRUE,TRUE,TRUE,TRUE,FALSE
"THUMPD3",0.761239146242712,0.0284886963696171,-0.10052867124253,0.101339584865553,0.321198473436248,-0.0803320007867706,0.121523847415125,0.508587312454195,-0.0357432256654441,0.313026767272446,0.909090473234508,-0.0192630426008,0.114524940753113,0.866426301115994,-0.0732116507270851,0.127412036403344,0.565558164198483,7889,0.81974901761947,0.318329518370308,0.0583090379008746,0.261002962108624,0.121941944479655,0.420667519521068,139,6467,0,350,460,473,"epithelial",-0.0648412424720308,0.392898833521374,-0.0769401523249441,0.381610099235135,FALSE,FALSE,FALSE,FALSE,FALSE,FALSE,FALSE
"TIMM13",0.713756784681429,0.00767654734447996,-0.0945540960467792,0.108112140432499,0.381795524729367,0.0570438113658285,0.114485077748916,0.618297863901788,0.487552880092035,0.249804421480457,0.0509692719229568,-0.051127675276514,0.113922744182251,0.653581336222137,-0.00244283663798219,0.110106710734201,0.982299518909652,126599,0.878956389860899,0.419885796000029,0.0462957843268904,0.25492877268635,0.0747478258122102,0.325185431313621,1654,111275,0,4609,5861,3200,"epithelial",-0.0739765676941358,0.345511572336514,0.0261412489426961,0.741852535619237,FALSE,FALSE,FALSE,FALSE,FALSE,FALSE,FALSE
"TSEN54",0.759309781121525,0.0415870111861004,-0.160125657912336,0.10756691687464,0.136588946070996,-0.171354447158198,0.120975111270217,0.156645605599676,-0.189807389626495,0.261877875485513,0.468578706008802,-0.196805327654294,0.116842292833085,0.0921107222782915,-0.282523242929433,0.109944035467659,0.0101786471493872,11768,0.747025832766825,0.253314091149157,0.023368456832087,0.0913413268627965,0.229605710401088,0.655344581988046,193,8791,0,317,275,2192,"epithelial",-0.176952018799155,0.0253513460332446,-0.232237320106766,0.00431276733960907,FALSE,FALSE,FALSE,TRUE,TRUE,TRUE,FALSE
"TSFM",0.746033771595712,0.0349573965776154,-0.192936890444903,0.110754412088692,0.0815041713540461,-0.0436633178383663,0.119201191551776,0.714141721743707,0.351060393836908,0.29007000953175,0.226178792043358,0.0243615000512275,0.115332013166533,0.832708350847024,0.0515227208172096,0.11925819190018,0.665722021586314,12899,0.83572369951159,0.169137541747412,0.0517094348399101,0.120631475678655,0.1125668656485,0.710230982573933,259,10780,1,412,667,780,"epithelial",-0.0886855609103718,0.266924664577512,0.00390694861227358,0.963038213485719,FALSE,FALSE,FALSE,FALSE,FALSE,FALSE,FALSE
"XRCC6",0.769594265753024,0.0458630547489495,-0.220059850659089,0.103593038198928,0.0336473570776377,0.000621081542786887,0.113181825983283,0.995621656722147,0.485754926678031,0.245372465760836,0.0477413468965297,0.0765692807164559,0.12024367538839,0.524265375356352,0.111594111526483,0.115114192388558,0.3323351960057,55732,0.750107658077944,0.175769170041043,0.0597502332591689,0.161388379562631,0.190142108662887,0.662842450396326,1405,41805,2,3013,3330,6177,"epithelial",-0.0936893356548371,0.232577330069591,0.0551683546056875,0.494246370129233,TRUE,FALSE,FALSE,FALSE,FALSE,FALSE,FALSE
"ZNF117",1.29004858472826,0.048635135421508,0.206957204807991,0.109864781090071,0.0595995098962936,0.092739433314021,0.118634056688082,0.434375089514295,-0.156782715208651,0.2788638997013,0.573966494345437,0.110900156691972,0.121799523166831,0.362551563955653,0.0137932873481985,0.115955553587481,0.905312411619805,1898,0.773972602739726,0.250826829697806,0.101685985247629,0.379859555254022,0.124341412012645,0.369313615048173,48,1469,0,117,193,71,"epithelial",0.163864190839636,0.0445765306512927,0.0523650845539199,0.527723531884054,FALSE,FALSE,FALSE,FALSE,TRUE,FALSE,FALSE
"ZNF25",1.27764095494841,0.0349573965776154,0.17920212864435,0.107860662781349,0.096628628279713,0.0573821562965848,0.118174295485715,0.627270488892019,-0.525553898622967,0.286495181203939,0.0665909439184924,0.243404780730029,0.0920193628350816,0.0081655332487894,0.145883925005994,0.100459067233477,0.146453563545438,847,0.348288075560803,0.0504603187338248,0.291617473435655,0.487010674034831,0.360094451003542,0.462529007231344,22,295,0,132,247,151,"immune",0.21636001310169,0.00199723947436724,0.108757309070094,0.155340877096155,FALSE,FALSE,TRUE,FALSE,TRUE,FALSE,FALSE
"ZNF667",1.29667674801325,0.0349573965776154,0.253382051475665,0.106644189754705,0.0175034836247894,0.243417989359645,0.113332704296378,0.0317282395928938,0.0714688847895094,0.238353314073087,0.764295915588923,0.143134570102907,0.102235860607827,0.16150053276647,0.0810761359643302,0.100053096307264,0.417749903423571,125,0.032,0.00305904168363044,0.672,0.74048837156013,0.296,0.25645258675624,17,4,0,5,84,15,"stromal",0.195932618069958,0.00793365509481377,0.152183042564076,0.0424638481855663,TRUE,TRUE,FALSE,FALSE,TRUE,TRUE,FALSE
